Name,Price
Hammer Raw Pearl Blue / Silver / White Bowling Ball,$93.99
Hammer Black Widow 2.0 Bowling Ball,$139.95
Brunswick T-Zone Glow Bowling Ball- Scarlet Shadow (12lbs),$68.50
Brunswick Shark Glow Viz-A-Ball,$119.95
OTB Vortex Cmyk - bowlingball.com Exclusive-Bowling Balls,$149.99
KR Clear Red Rose Bowling Ball- 14lbs,$159.95
Brunswick Snake Glow Viz-A-Ball,$109.95
Brunswick Rhino Metallic Blue Black Pearl Bowling Ball,$88.95
Hammer Purple Pearl Urethane Bowling Ball,$139.95
Pyramid Path Pink/Purple/Silver-Bowling Balls,$144.95
Elite Alien Limited Edition Bowling Ball | Bowling.Com,$54.99
Pyramid Path Pink/Purple/Silver Bowling Ball,$79.95
Elite Star Purple/Royal/Silver Bowling Ball | Bowling.Com,$199.99
Brunswick Twist Reactive Bowling Ball- Black/Gold/Silver,$54.99
Pyramid Path Hot Pink/Lime Green-Bowling Balls,$184.95
Brunswick Knock Out Black & Blue Bowling Ball,$59.95
Pyramid Clear Skull Bowling Ball,$95.95
Pyramid Path Clear Coverstock Swirl Lime Green/Yellow-Bowling Balls,$71.95
Hammer Black Widow Legend Bowling Ball | Bowling.Com,$54.99
Elite Star Red/Black/White Bowling Ball | Bowling.Com,$139.95
KR Clear Skull Bowling Ball,$189.99
"Pyramid Path Aqua/Silver Bowling Ball, Blue",$199.99
"Pyramid Enchanted Path Rising Hybrid Bowling Ball, Size: One Size",$164.95
Elite Star Pink Pearl Bowling Ball 2018 Version,$101.99
Hammer Black Widow Viz-A-Ball Bowling Ball,$94.95
Hammer Diamond Plate Viz-A-Ball Bowling Ball-14 lbs,$144.99
Motiv Top Thrill Bowling Ball- Purple/Red,$59.95
900 Global Zen Bowling Ball,$199.95
Pyramid Path Aqua/Silver Bowling Ball,$169.99
900 Global Reality Check Bowling Ball,$174.95
Pyramid Path Clear Coverstock Swirl Blue/White-Bowling Balls,$249.99
Brunswick Quantum Evo Hybrid Bowling Ball,$50.95
Brunswick Twist Lavender / Lime Bowling Ball,$164.95
Hammer Dark Web Bowling Ball,$159.95
Brunswick World Viz-A-Ball Bowling Ball (16lbs),$119.95
Motiv Pride Empire Bowling Ball,$81.99
Hammer Black Widow Pink Pearl Urethane Bowling Ball,$109.99
Track Paragon Hybrid Bowling Ball,$49.95
Brunswick Melee Jab Carbon Bowling Ball,$114.95
Champion Sports 4-Pound Plastic Rubberized Bowling Ball,$95.99
DV8 Collision Bowling Ball,$69.95
Radical Trail Blazer Solid Bowling Ball,$144.95
Radical Trail Blazer Bowling Ball,$39.95
"Champion Sports Bowling Set, Plastic/Rubber, White, 1 Ball/10",$114.95
Ebonite Polaris Bowling Ball,$22.00
Track Stealth Bowling Ball,$159.95
